{"cameraMode":{"drawMode":0,"name":"Shaded","section":"Shading Mode"},"sceneLighting":false,"audioPlay":false,"sceneViewState":{"showFog":true,"showMaterialUpdate":false,"showSkybox":true,"showFlares":true,"showImageEffects":true,"showParticleSystems":true},"in2DMode":false,"pivot":{"x":0.3069003224372864,"y":0.6533725261688232,"z":1.7654212713241578},"rotation":{"x":-0.32322803139686587,"y":0.64896160364151,"z":-0.35563424229621889,"w":-0.5898277759552002},"size":2.857883930206299,"orthographic":false}