{"cameraMode":{"drawMode":0,"name":"Shaded","section":"Shading Mode"},"sceneLighting":true,"audioPlay":false,"sceneViewState":{"showFog":true,"showMaterialUpdate":false,"showSkybox":true,"showFlares":true,"showImageEffects":true,"showParticleSystems":true},"in2DMode":false,"pivot":{"x":0.4099555015563965,"y":0.5448117256164551,"z":-0.007882118225097657},"rotation":{"x":-0.05745977535843849,"y":-0.9425053000450134,"z":0.23695988953113557,"w":-0.22854363918304444},"size":19.90993309020996,"orthographic":false}